Key,Value
"Proxy_Automatic_Config_Group/Description","Change proxy settings"
"Proxy_Automatic_Config_Group/HighKeywords","configuration configurations"
"SettingsGroupAppSizesList/Description","Apps & features"
"SettingsGroupAppSizesList/HighKeywords","app apps;cleanup;program programs;remove removes;size sizes;feature features;uninstall uninstalls;installed"
"SettingsGroupAutoplayDefaults/Description","Choose AutoPlay defaults"
"SettingsGroupAutoplayDefaults/HighKeywords","AutoPlay"
"SettingsGroupDataSenseMainPageOverview/Description","Data usage overview"
"SettingsGroupDataSenseMainPageOverview/HighKeywords","Data;limit;Usage"
"SettingsGroupDataSenseMainPageSettings/Description","Change data usage limits"
"SettingsGroupDataSenseMainPageSettings/HighKeywords","Edit plan;plan;limit;edit limit;change limit"
"SettingsGroupEaseOfAccessFilterKeys/Description","Ignore brief or repeated keystrokes"
"SettingsGroupEaseOfAccessFilterKeys/HighKeywords","filter filters;key keys;slow;bounce"
"SettingsGroupEaseOfAccessNarrator/Description","Change Narrator settings"
"SettingsGroupEaseOfAccessNarrator/HighKeywords","access;Accessibility disability disabilities;ease;of;reader readers;screen screens;setting settings"
"SettingsGroupEaseOfAccessOSK/Description","On-Screen Keyboard"
"SettingsGroupEaseOfAccessOSK/HighKeywords","on;OSK;screen screens;keyboard keyboards"
"SettingsGroupEaseOfAccessOther/Description","Underline keyboard shortcuts and other keyboard settings"
"SettingsGroupEaseOfAccessOther/HighKeywords","underline keyboard shortcuts;show underlines;show shortcuts"
"SettingsGroupEaseOfAccessStickyKeys/Description","Press one key at a time for keyboard shortcuts"
"SettingsGroupEaseOfAccessStickyKeys/HighKeywords","sticky;key keys"
"SettingsGroupEaseOfAccessToggleKeys/Description","Hear a tone when pressing Caps Lock, Num Lock, and Scroll Lock"
"SettingsGroupEaseOfAccessToggleKeys/HighKeywords","toggle keys;toggle beep;pressed"
"SettingsGroupFamilyUsers/Description","Allow family members to use this PC"
"SettingsGroupFamilyUsers/HighKeywords","family families;child children;kid kids;parent parents;safety"
"SettingsGroupInputMouse/Description","Change your mouse settings"
"SettingsGroupInputMouse/HighKeywords","left;Mouse mice;right"
"SettingsGroupLockScreenPreview/Description","Turn the lock screen slideshow on or off"
"SettingsGroupLockScreenPreview/HighKeywords","lock locks;photo photos;picture pictures;screen screens"
"SettingsGroupMapsUpdates/Description","Manage map updates"
"SettingsGroupMapsUpdates/HighKeywords","map updates;map update;maps update;automatic updates;check for"
"SettingsGroupNotificationsAppList/Description","Choose which apps show notifications"
"SettingsGroupNotificationsAppList/HighKeywords","Announcement announcements;app apps;display displays;monitor monitors;Notification notifications;screen screens;Show shows"
"SettingsGroupPCSystemDetails/Description","See organization or workgroup for this PC"
"SettingsGroupPCSystemDetails/HighKeywords","computer;domain"
"SettingsGroupPCSystemDeviceEncryption/Description","Change device encryption settings"
"SettingsGroupPCSystemDeviceEncryption/HighKeywords","bitlocker;cryptography;decode;decryption;device devices;encode encodes;encryption encryptions;locker;protection;secure;tpm"
"SettingsGroupPCSystemSupportInfo/Description","Get PC support info"
"SettingsGroupPCSystemSupportInfo/HighKeywords","Help;Support"
"SettingsGroupPCSystemTouchKeyboard/Description","Touch keyboard settings"
"SettingsGroupPCSystemTouchKeyboard/HighKeywords",""
"SettingsGroupPCSystemWindowsInfo/Description","See if Windows is activated"
"SettingsGroupPCSystemWindowsInfo/HighKeywords","Activate activates;Activation activations"
"SettingsGroupPen/Description","Change your pen settings"
"SettingsGroupPen/HighKeywords","pen pens;handedness;cursor cursors;visual visuals"
"SettingsGroupPersonalizeColorChoose/Description","Choose your accent color"
"SettingsGroupPersonalizeColorChoose/HighKeywords","color;colors;accent;theme;appearance settings;appearances;"
"SettingsGroupPowerAndSleepDisplayOff/Description","Choose when to turn off the screen"
"SettingsGroupPowerAndSleepDisplayOff/HighKeywords","display displays;monitor monitors;screen screens"
"SettingsGroupPowerAndSleepDisplayOffAoAc/Description","Change when the screen is turned off"
"SettingsGroupPowerAndSleepDisplayOffAoAc/HighKeywords",""
"SettingsGroupPowerAndSleepSleep/Description","Change when the PC sleeps"
"SettingsGroupPowerAndSleepSleep/HighKeywords","screen screens;sleep sleeps"
"SettingsGroupPrivacyLocationHistory/Description","Clear location history"
"SettingsGroupPrivacyLocationHistory/HighKeywords",""
"SettingsGroupRegionDateTimeFormats/Description","See the current date and time formats"
"SettingsGroupRegionDateTimeFormats/HighKeywords",""
"SettingsGroupSpeechMicrophone/Description","Microphone setup"
"SettingsGroupSpeechMicrophone/HighKeywords","mic microphone"
"SettingsGroupSpeechTextToSpeech/Description","Change text-to-speech settings"
"SettingsGroupSpeechTextToSpeech/HighKeywords","voice;speed;default;change"
"SettingsGroupSyncAccounts/Description","Add, remove, or manage email accounts"
"SettingsGroupSyncAccounts/HighKeywords","Add remove manage;email e-mail;mail;account accounts"
"SettingsGroupTaskbarMultiMon/Description","Customize the taskbar on multiple displays"
"SettingsGroupTaskbarMultiMon/HighKeywords","multimon;multi mon;"
"SettingsGroupTaskbarNotificationArea/Description","Taskbar notification area"
"SettingsGroupTaskbarNotificationArea/HighKeywords","taskbar;icon;icons;system;notification"
"SettingsGroupVirtualDesktops/Description","Customize virtual desktop settings"
"SettingsGroupVirtualDesktops/HighKeywords",""
"SettingsGroupWebAccounts-2/Description","Manage work or school account"
"SettingsGroupWebAccounts-2/HighKeywords",""
"SettingsGroupWebAccounts/Description","Add, remove, or manage app accounts"
"SettingsGroupWebAccounts/HighKeywords","app apps;website websites;account accounts;SSO"
"SettingsGroupYourAccount/Description","Manage your account"
"SettingsGroupYourAccount/HighKeywords","connect connects"
"SettingsPageAccountsEmailApp/Description","Your email & app account settings"
"SettingsPageAccountsEmailApp/HighKeywords","email e-mail;mail;app apps;account accounts"
"SettingsPageAccountsManage/Description","Sign-in options"
"SettingsPageAccountsManage/HighKeywords","change;fingerprint fingerprints;login;password passwords;picture pictures;sign-in"
"SettingsPageAccountsPicture/Description","Your account picture and profile settings"
"SettingsPageAccountsPicture/HighKeywords","profile profiles;user users;account accounts;picture;photo;admin admins;administrator administrators;type types;your info;my info"
"SettingsPageAccountsSync/Description","Sync your settings"
"SettingsPageAccountsSync/HighKeywords","choose chose;different;roam roams;roaming;same;setting settings;sync syncs;synced"
"SettingsPageAccountsUsers/Description","Add, edit, or remove other people"
"SettingsPageAccountsUsers/HighKeywords","other;user users people;account accounts;family families;child children;admin admins;administrator administrators;type types"
"SettingsPageActivate/Description","Activation"
"SettingsPageActivate/HighKeywords",""
"SettingsPageAppsDefaults/Description","Default app settings"
"SettingsPageAppsDefaults/HighKeywords","app apps;change;default defaults;default defaults;program programs;set sets"
"SettingsPageAppsDefaultsFileExtensionView/Description","Choose a default app for each type of file"
"SettingsPageAppsDefaultsFileExtensionView/HighKeywords","app apps;default defaults;extension extensions;file files;program programs;type types;change;the;associated;with"
"SettingsPageAppsDefaultsProtocolView/Description","Choose a default app for each protocol"
"SettingsPageAppsDefaultsProtocolView/HighKeywords","app apps;default defaults;program programs;protocol protocols"
"SettingsPageAppsNotifications/Description","Notifications & actions settings"
"SettingsPageAppsNotifications/HighKeywords","Notification notifications"
"SettingsPageBackground/Description","Background settings"
"SettingsPageBackground/HighKeywords",""
"SettingsPageBatterySaver/Description","Battery saver"
"SettingsPageBatterySaver/HighKeywords",""
"SettingsPageColors/Description","Color settings"
"SettingsPageColors/HighKeywords","dark;dark mode;light;light mode"
"SettingsPageContinuum/Description","Projecting to this PC"
"SettingsPageContinuum/HighKeywords","project;projecting;miracast;connect"
"SettingsPageDataSenseOverview/Description","Data usage settings"
"SettingsPageDataSenseOverview/HighKeywords","Data;plan;Sense;Data Sense"
"SettingsPageDevicesPen/Description","Pen settings"
"SettingsPageDevicesPen/HighKeywords","pen pens;handedness;cursor cursors;ink;Windows Ink;writing;write;pen shortcuts;workspace"
"SettingsPageDevicesPrinters-2/Description","Change default printer"
"SettingsPageDevicesPrinters-2/HighKeywords","default printer;set;change;switch"
"SettingsPageDevicesPrinters/Description","Printers & scanners"
"SettingsPageDevicesPrinters/HighKeywords","add printer;install printer;print printer printers printing;scan scanner scanners scanning;fax faxes"
"SettingsPageEaseOfAccessClosedCaptioning/Description","Closed captioning settings"
"SettingsPageEaseOfAccessClosedCaptioning/HighKeywords",""
"SettingsPageEaseOfAccessHighContrast/Description","High contrast settings"
"SettingsPageEaseOfAccessHighContrast/HighKeywords","Accessibility disability disabilities;theme themes"
"SettingsPageEaseOfAccessKeyboard/Description","Ease of Access keyboard settings"
"SettingsPageEaseOfAccessKeyboard/HighKeywords","Accessibility disability disabilities;change;how;your;works"
"SettingsPageEaseOfAccessMagnifier/Description","Magnifier settings"
"SettingsPageEaseOfAccessMagnifier/HighKeywords","Magnifier magnifiers;setting settings;Accessibility disability disabilities;Zoom"
"SettingsPageEaseOfAccessMoreOptions/Description","Other Ease of Access settings"
"SettingsPageEaseOfAccessMoreOptions/HighKeywords","Accessibility disability disabilities"
"SettingsPageEaseOfAccessMouse/Description","Ease of Access mouse settings"
"SettingsPageEaseOfAccessMouse/HighKeywords","Accessibility disability disabilities"
"SettingsPageEaseOfAccessNarrator/Description","Narrator settings"
"SettingsPageEaseOfAccessNarrator/HighKeywords","Accessibility disability disabilities"
"SettingsPageFindMyDevice/Description","Find My Device"
"SettingsPageFindMyDevice/HighKeywords","find;devices"
"SettingsPageFlights/Description","Windows Insider Program settings"
"SettingsPageFlights/HighKeywords","ring rings;risk;branch branches;preview previews;build;insider insiders;flight flights;flighting"
"SettingsPageLockScreen/Description","Lock screen settings"
"SettingsPageLockScreen/HighKeywords",""
"SettingsPageMaps/Description","Offline maps settings"
"SettingsPageMaps/HighKeywords",""
"SettingsPageMultiTasking/Description","Multitasking settings"
"SettingsPageMultiTasking/HighKeywords",""
"SettingsPageNetworkAirplaneMode/Description","Airplane mode"
"SettingsPageNetworkAirplaneMode/HighKeywords","airplane;wifi;wi-fi;wlan;wwan;cellular;bluetooth"
"SettingsPageNetworkDialup/Description","Change Dial-up settings"
"SettingsPageNetworkDialup/HighKeywords","dialup;dial-up;modem"
"SettingsPageNetworkDirectAccess/Description","Change DirectAccess settings"
"SettingsPageNetworkDirectAccess/HighKeywords","directaccess"
"SettingsPageNetworkEthernet/Description","Change Ethernet settings"
"SettingsPageNetworkEthernet/HighKeywords","ethernet;lan"
"SettingsPageNetworkMobileBroadband/Description","Change cellular settings"
"SettingsPageNetworkMobileBroadband/HighKeywords","cellular;mobile;broadband;2g;3g;4g;lte"
"SettingsPageNetworkMobileHotspot/Description","Change mobile hotspot settings"
"SettingsPageNetworkMobileHotspot/HighKeywords","tethering;hotspot hotspots"
"SettingsPageNetworkProxy/Description","Network proxy settings"
"SettingsPageNetworkProxy/HighKeywords","proxy"
"SettingsPageNetworkStatus/Description","Network status"
"SettingsPageNetworkStatus/HighKeywords","test your Internet;Internet connection;Internet;network;network speed;speed;speed test;status;network reset"
"SettingsPageNetworkVPN/Description","Change virtual private networks (VPN)"
"SettingsPageNetworkVPN/HighKeywords","vpn;virtual;private"
"SettingsPageNetworkWiFi/Description","Change Wi-Fi settings"
"SettingsPageNetworkWiFi/HighKeywords","wifi;wi-fi;wlan"
"SettingsPageNetworkWorkplace/Description","Enroll in device management (MDM)"
"SettingsPageNetworkWorkplace/HighKeywords","MDM;work;account;accounts;device management;manage;policy;enroll;workplace;enrollment;policies;company"
"SettingsPagePCSystemAutoPlay/Description","AutoPlay settings"
"SettingsPagePCSystemAutoPlay/HighKeywords","AutoPlay;drive drives;removable"
"SettingsPagePCSystemBluetooth/Description","Bluetooth settings"
"SettingsPagePCSystemBluetooth/HighKeywords","add adds;bluetooth;device devices;disable disables;enable enables;pair pairs;remove removes;unpair;change"
"SettingsPagePCSystemDevices-2/Description","Connect wireless Xbox One controllers"
"SettingsPagePCSystemDevices-2/HighKeywords","xbox;controller"
"SettingsPagePCSystemDevices/Description","Connected device settings"
"SettingsPagePCSystemDevices/HighKeywords","device devices;Projector projectors;remove removes"
"SettingsPagePCSystemDeviceSettings/Description","Mouse & touchpad settings"
"SettingsPagePCSystemDeviceSettings/HighKeywords","trackpad track pad"
"SettingsPagePCSystemDisplay/Description","Display settings"
"SettingsPagePCSystemDisplay/HighKeywords","display displays;resolution resolutions;screen screens;connect to a wireless display;landscape;portrait"
"SettingsPagePCSystemInfo/Description","About your PC"
"SettingsPagePCSystemInfo/HighKeywords","System systems"
"SettingsPagePCSystemShellMode/Description","Tablet mode settings"
"SettingsPagePCSystemShellMode/HighKeywords",""
"SettingsPagePrivacyAccountInfo/Description","Account info privacy settings"
"SettingsPagePrivacyAccountInfo/HighKeywords","user information"
"SettingsPagePrivacyCalendar/Description","Calendar privacy settings"
"SettingsPagePrivacyCalendar/HighKeywords","privacy; calendar calendars; appointment appointments"
"SettingsPagePrivacyCallHistory/Description","Call history privacy settings"
"SettingsPagePrivacyCallHistory/HighKeywords",""
"SettingsPagePrivacyContacts/Description","Contacts privacy settings"
"SettingsPagePrivacyContacts/HighKeywords","contact contacts; people; privacy"
"SettingsPagePrivacyCustomPeripherals/Description","Privacy settings for other devices"
"SettingsPagePrivacyCustomPeripherals/HighKeywords","Device privacy;Paired devices;Open devices"
"SettingsPagePrivacyEmail/Description","Email privacy settings"
"SettingsPagePrivacyEmail/HighKeywords",""
"SettingsPagePrivacyGeneral/Description","Privacy settings"
"SettingsPagePrivacyGeneral/HighKeywords",""
"SettingsPagePrivacyLocation/Description","Location privacy settings"
"SettingsPagePrivacyLocation/HighKeywords","GPS;location;locations"
"SettingsPagePrivacyMessaging/Description","Messaging privacy settings"
"SettingsPagePrivacyMessaging/HighKeywords","messaging; sms; mms; rcs; rcse; message messages; text texts; privacy"
"SettingsPagePrivacyMicrophone/Description","Microphone privacy settings"
"SettingsPagePrivacyMicrophone/HighKeywords",""
"SettingsPagePrivacyMotionData/Description","Motion privacy settings"
"SettingsPagePrivacyMotionData/HighKeywords","pedometer; activity; Activity detection"
"SettingsPagePrivacyPersonalization/Description","Speech, inking, & typing privacy settings"
"SettingsPagePrivacyPersonalization/HighKeywords","speech; inking; typing"
"SettingsPagePrivacyRadios/Description","Radio privacy settings"
"SettingsPagePrivacyRadios/HighKeywords",""
"SettingsPagePrivacySIUFSettings/Description","Feedback privacy settings"
"SettingsPagePrivacySIUFSettings/HighKeywords",""
"SettingsPagePrivacyWebcam/Description","Camera privacy settings"
"SettingsPagePrivacyWebcam/HighKeywords",""
"SettingsPageRadialController/Description","Wheel settings"
"SettingsPageRadialController/HighKeywords","Wheel wheels;Dial dials"
"SettingsPageRestoreDeveloperOptions/Description","For developers settings"
"SettingsPageRestoreDeveloperOptions/HighKeywords","for;developer developers;settings"
"SettingsPageRestoreMusUpdate/Description","Windows Update settings"
"SettingsPageRestoreMusUpdate/HighKeywords","Automatic;Autoupdate autoupdates;check checks;fix fixes;patch patches;Security;Update updates;Updater;Up-dates;Updating;Windows;Windowsupdate;Wupdater;udpate;upgrade"
"SettingsPageRestoreOneBackup/Description","Backup settings"
"SettingsPageRestoreOneBackup/HighKeywords","Backup backups;back-up back-ups;history;protect protects;secure;save;backup;copy;copies;File History"
"SettingsPageRestoreRestore/Description","Recovery options"
"SettingsPageRestoreRestore/HighKeywords",""
"SettingsPageScreenPowerAndSleep/Description","Power & sleep settings"
"SettingsPageScreenPowerAndSleep/HighKeywords",""
"SettingsPageSpeech/Description","Speech settings"
"SettingsPageSpeech/HighKeywords","speech; text-to-speech; TTS; voice"
"SettingsPageStart/Description","Start settings"
"SettingsPageStart/HighKeywords","start;screen;menu"
"SettingsPageStorageSenseSaveLocations/Description","Default save locations"
"SettingsPageStorageSenseSaveLocations/HighKeywords","Save;Location locations;Disk disks;Hard;Drive drives;File files;Storage"
"SettingsPageStorageSenseStorageOverview/Description","Storage"
"SettingsPageStorageSenseStorageOverview/HighKeywords","Disk disks;disk size; disk sizes;Storage;Sense;Space spaces;Cleanup;Clean-up;Delete;Free;Recycle;Trash;Bin;Recyclebin;Hard;Drive drives;File files;Temp;Temporary"
"SettingsPageTaskbar/Description","Taskbar settings"
"SettingsPageTaskbar/HighKeywords","task bar;taskbar;"
"SettingsPageThemes/Description","Themes and related settings"
"SettingsPageThemes/HighKeywords","theme;themes;appearance settings;appearances;themepack;pack;packs;windows online personalization gallery;mouse pointer;desktop icons;pointers;icon;advanced sound"
"SettingsPageTimeRegionDateTime/Description","Date & time settings"
"SettingsPageTimeRegionDateTime/HighKeywords","change changes;date dates;time times;zone zones"
"SettingsPageTimeRegionLanguage/Description","Region & language settings"
"SettingsPageTimeRegionLanguage/HighKeywords","change"
"SettingsPageTimeRegionSpelling/Description","Typing settings"
"SettingsPageTimeRegionSpelling/HighKeywords","keyboard keyboards"
"SettingsPageUsb/Description","USB settings"
"SettingsPageUsb/HighKeywords",""
"SettingsPageWindowsDefender/Description","Windows Defender settings"
"SettingsPageWindowsDefender/HighKeywords","antivirus;anti virus;virus viruses;malware;security;windows 10;free;protection;download;web;unwanted software;adware;ransomware;cryptolocker;removal;anti malware;best;PC security software;Internet security"
"SettingsPageWorkAccess/Description","Connect to work or school"
"SettingsPageWorkAccess/HighKeywords","join;connect;disconnect;leave;unjoin;MDM;Azure;local;AD;AAD;Active Directory;domain;work;school;account;accounts;device;sync;info;management;manage;policy;enroll;workplace;enrollment;policies;access"
"Settings_DeveloperModeGroup/Description","Use developer features"
"Settings_DeveloperModeGroup/HighKeywords","developer;features mode"
"Settings_DeviceDiscoveryGroup/Description","Turn on device discovery"
"Settings_DeviceDiscoveryGroup/HighKeywords","device;discovery"
"Settings_DevicePortalGroup/Description","Enable Device Portal"
"Settings_DevicePortalGroup/HighKeywords","device;portal"
"Settings_Group_NetworkStatus/Description","Check network status"
"Settings_Group_NetworkStatus/HighKeywords","check network status;network status;internet status"
"SystemSettings_Accessibility_CursorThickness/Description","Change how thick the cursor is"
"SystemSettings_Accessibility_CursorThickness/HighKeywords","cursor cursors;thickness"
"SystemSettings_Accessibility_IsAnimationsEnabled/Description","Turn Windows animations on or off"
"SystemSettings_Accessibility_IsAnimationsEnabled/HighKeywords","animation animations"
"SystemSettings_Accessibility_IsMouseKeysEnabled/Description","Change mouse key settings"
"SystemSettings_Accessibility_IsMouseKeysEnabled/HighKeywords",""
"SystemSettings_Accessibility_IsOverlappedContentEnabled/Description","Remove Windows background images"
"SystemSettings_Accessibility_IsOverlappedContentEnabled/HighKeywords","background backgrounds"
"SystemSettings_Accessibility_Magnifier_IsAutoStartEnabled/Description","Start Magnifier automatically"
"SystemSettings_Accessibility_Magnifier_IsAutoStartEnabled/HighKeywords","Magnifier magnifiers"
"SystemSettings_Accessibility_Magnifier_IsEnabled/Description","Turn Magnifier on or off"
"SystemSettings_Accessibility_Magnifier_IsEnabled/HighKeywords","Magnifier magnifiers"
"SystemSettings_Accessibility_Magnifier_IsFollowInsertPointEnabled/Description","Choose if Magnifier follows the text insertion point"
"SystemSettings_Accessibility_Magnifier_IsFollowInsertPointEnabled/HighKeywords","Magnifier magnifiers"
"SystemSettings_Accessibility_Magnifier_IsFollowKeyFocusEnabled/Description","Choose if Magnifier follows the keyboard focus"
"SystemSettings_Accessibility_Magnifier_IsFollowKeyFocusEnabled/HighKeywords","focus;keyboard keyboards;Magnifier magnifiers"
"SystemSettings_Accessibility_Magnifier_IsInversionColorEnabled/Description","Set up color inversion for Magnifier"
"SystemSettings_Accessibility_Magnifier_IsInversionColorEnabled/HighKeywords","color colors;inversion"
"SystemSettings_Accessibility_MouseCursorColor/Description","Change the mouse pointer color"
"SystemSettings_Accessibility_MouseCursorColor/HighKeywords",""
"SystemSettings_Accessibility_MouseCursorSize/Description","Change the mouse pointer size"
"SystemSettings_Accessibility_MouseCursorSize/HighKeywords",""
"SystemSettings_Accessibility_Narrator_IsAutoStartEnabled/Description","Start Narrator automatically"
"SystemSettings_Accessibility_Narrator_IsAutoStartEnabled/HighKeywords","Narrator;reader readers;screen screens"
"SystemSettings_Accessibility_Narrator_IsDuckAudioEnabled/Description","Make other apps quieter when Narrator is on"
"SystemSettings_Accessibility_Narrator_IsDuckAudioEnabled/HighKeywords","reader readers;screen screens"
"SystemSettings_Accessibility_Narrator_IsEchoCharacterEnabled/Description","Choose if Narrator reads typed characters"
"SystemSettings_Accessibility_Narrator_IsEchoCharacterEnabled/HighKeywords","character characters;Narrator;reader readers;screen screens"
"SystemSettings_Accessibility_Narrator_IsEchoWordEnabled/Description","Choose if Narrator reads typed words"
"SystemSettings_Accessibility_Narrator_IsEchoWordEnabled/HighKeywords","Narrator;reader readers;screen screens"
"SystemSettings_Accessibility_Narrator_IsEnabled/Description","Turn Narrator on or off"
"SystemSettings_Accessibility_Narrator_IsEnabled/HighKeywords","Narrator;reader readers;screen screens"
"SystemSettings_Accessibility_Narrator_IsFastKeyEntryEnabled/Description","Choose when to turn on touch keyboard when Narrator is on"
"SystemSettings_Accessibility_Narrator_IsFastKeyEntryEnabled/HighKeywords","active;key keys"
"SystemSettings_Accessibility_Narrator_IsFollowInsertionEnabled/Description","Choose if Narrator follows the keyboard focus"
"SystemSettings_Accessibility_Narrator_IsFollowInsertionEnabled/HighKeywords","focus;keyboard keyboards;Narrator;reader readers;screen screens"
"SystemSettings_Accessibility_Narrator_IsHighlightCursorEnabled/Description","Highlight the cursor when using Narrator"
"SystemSettings_Accessibility_Narrator_IsHighlightCursorEnabled/HighKeywords","cursor cursors;highlight highlights;Narrator;reader readers;screen screens"
"SystemSettings_Accessibility_Narrator_IsPlayAudioCuesEnabled/Description","Choose if Narrator plays audio cues"
"SystemSettings_Accessibility_Narrator_IsPlayAudioCuesEnabled/HighKeywords","audio;cue cues;Narrator;reader readers;screen screens"
"SystemSettings_Accessibility_Narrator_IsReadHintsEnabled/Description","Change how Narrator reads hints for controls and buttons"
"SystemSettings_Accessibility_Narrator_IsReadHintsEnabled/HighKeywords","common;Narrator;reader readers;screen screens;Windows hint hints"
"SystemSettings_Accessibility_Narrator_SpeechPitch/Description","Change the Narrator voice's pitch"
"SystemSettings_Accessibility_Narrator_SpeechPitch/HighKeywords","narrator;reader readers;screen screens;voice voices"
"SystemSettings_Accessibility_Narrator_SpeechSpeed/Description","Change the Narrator voice's speed"
"SystemSettings_Accessibility_Narrator_SpeechSpeed/HighKeywords","Narrator;reader readers;screen screens;voice voices"
"SystemSettings_Accessibility_Narrator_SpeechVoices/Description","Change the Narrator voice"
"SystemSettings_Accessibility_Narrator_SpeechVoices/HighKeywords","Narrator;reader readers;screen screens;voice voices"
"SystemSettings_Accessibility_NotificationDuration/Description","Choose how long notifications are shown"
"SystemSettings_Accessibility_NotificationDuration/HighKeywords","Notification notifications;toast toasts"
"SystemSettings_Autoplay_IsEnabled/Description","Turn AutoPlay on or off"
"SystemSettings_Autoplay_IsEnabled/HighKeywords","AutoPlay"
"SystemSettings_BatterySaver_LandingPage_OverrideControl/Description","Turn battery saver on or off"
"SystemSettings_BatterySaver_LandingPage_OverrideControl/HighKeywords","battery saver;battery;saver;batteries"
"SystemSettings_BatterySaver_LandingPage_UsageDetailsLink-2/Description","See which apps are affecting your battery life"
"SystemSettings_BatterySaver_LandingPage_UsageDetailsLink-2/HighKeywords","battery saver;battery;saver;batteries"
"SystemSettings_BatterySaver_LandingPage_UsageDetailsLink/Description","See which hardware components are affecting your battery life"
"SystemSettings_BatterySaver_LandingPage_UsageDetailsLink/HighKeywords","battery saver;battery;saver;batteries"
"SystemSettings_Connections_PushButtonReset/Description","Network reset"
"SystemSettings_Connections_PushButtonReset/HighKeywords","network reset"
"SystemSettings_DataSense_ConfigureSetLimitButton/Description","Set up data usage limit"
"SystemSettings_DataSense_ConfigureSetLimitButton/HighKeywords","Set plan;plan;limit;set limit"
"SystemSettings_DateTime_CountryRegion/Description","Change your country or region"
"SystemSettings_DateTime_CountryRegion/HighKeywords","country countries;Location locations"
"SystemSettings_DateTime_IsAutomaticDSTAdjustEnabled/Description","Turn daylight saving time on or off"
"SystemSettings_DateTime_IsAutomaticDSTAdjustEnabled/HighKeywords","daylight;dst;saving;time times;adjust"
"SystemSettings_DateTime_IsTimeSetAutomaticallyEnabled/Description","Set the time automatically"
"SystemSettings_DateTime_IsTimeSetAutomaticallyEnabled/HighKeywords","automatic;clock clocks;sync syncs;time times"
"SystemSettings_DateTime_IsTimeZoneSetAutomaticallyEnabled/Description","Set the time zone automatically"
"SystemSettings_DateTime_IsTimeZoneSetAutomaticallyEnabled/HighKeywords","automatic"
"SystemSettings_DateTime_Set/Description","Change the date and time"
"SystemSettings_DateTime_Set/HighKeywords","clock clocks;date dates;time times"
"SystemSettings_DateTime_SetFormats/Description","Change the date and time format"
"SystemSettings_DateTime_SetFormats/HighKeywords","format formats formatted"
"SystemSettings_DateTime_TimezoneInfo/Description","Change the time zone"
"SystemSettings_DateTime_TimezoneInfo/HighKeywords","timezone"
"SystemSettings_DefaultApps_Audio/Description","Choose a default music player"
"SystemSettings_DefaultApps_Audio/HighKeywords","music"
"SystemSettings_DefaultApps_Browser/Description","Choose a default web browser"
"SystemSettings_DefaultApps_Browser/HighKeywords","browser browsers"
"SystemSettings_DefaultApps_Email/Description","Choose a default email app"
"SystemSettings_DefaultApps_Email/HighKeywords","email emails mail"
"SystemSettings_DefaultApps_Map/Description","Choose a default map app"
"SystemSettings_DefaultApps_Map/HighKeywords","map maps"
"SystemSettings_DefaultApps_Photos/Description","Choose a default photo viewer"
"SystemSettings_DefaultApps_Photos/HighKeywords","photo photos"
"SystemSettings_DefaultApps_Video/Description","Choose a default video player"
"SystemSettings_DefaultApps_Video/HighKeywords","Video videos"
"SystemSettings_Devices_Pen_EnablePixie/Description","Turn the pen cursor on or off"
"SystemSettings_Devices_Pen_EnablePixie/HighKeywords","pen pens;cursor cursors"
"SystemSettings_Devices_Pen_EnableRipple/Description","Turn pen visual feedback on or off"
"SystemSettings_Devices_Pen_EnableRipple/HighKeywords","pen pens;visual visuals"
"SystemSettings_Devices_Pen_SetArbitrationType/Description","Ignore touch input when I’m using my pen"
"SystemSettings_Devices_Pen_SetArbitrationType/HighKeywords","pen pens;touch;ignore"
"SystemSettings_Devices_Pen_SetHandedness/Description","Choose whether you are right or left handed"
"SystemSettings_Devices_Pen_SetHandedness/HighKeywords","right handed;left handed;hand;handedness;pen pens;palm;rejection"
"SystemSettings_Device_Add/Description","Add or remove devices"
"SystemSettings_Device_Add/HighKeywords","add adds;device devices"
"SystemSettings_Display_AdvancedSettings/Description","Change the screen resolution"
"SystemSettings_Display_AdvancedSettings/HighKeywords","display displays;resolution resolutions;screen screens;screen screens"
"SystemSettings_Display_Brightness/Description","Adjust the brightness level of the display"
"SystemSettings_Display_Brightness/HighKeywords","bright;brightness"
"SystemSettings_Display_Duplicate/Description","Change settings for multiple displays"
"SystemSettings_Display_Duplicate/HighKeywords","connect connects;display displays;duplicate duplicates;extend extends;monitor monitors;Multimon;projection"
"SystemSettings_Display_IdentifyDetectWireless/Description","Detect or identify a display"
"SystemSettings_Display_IdentifyDetectWireless/HighKeywords","display displays;find finds;monitor monitors"
"SystemSettings_Display_IsAutoBrightnessEnabled/Description","Turn auto brightness on or off"
"SystemSettings_Display_IsAutoBrightnessEnabled/HighKeywords","bright;brightness;auto-brightness;auto brightness;adapt;adaptive"
"SystemSettings_Display_IsRotationLocked/Description","Turn rotation lock on or off"
"SystemSettings_Display_IsRotationLocked/HighKeywords","rotation;rotate;lock;orientation"
"SystemSettings_Display_MainMonitor/Description","Choose a monitor to be the main display"
"SystemSettings_Display_MainMonitor/HighKeywords","Multimon;primary"
"SystemSettings_Display_Monitors/Description","Rearrange multiple displays"
"SystemSettings_Display_Monitors/HighKeywords","monitor monitors;Multimon;re-arrange"
"SystemSettings_Display_Orientation/Description","Change the screen orientation"
"SystemSettings_Display_Orientation/HighKeywords","orientation orientations;Rotate rotates"
"SystemSettings_Display_Scaling_Override/Description","Change the size of apps on the screen"
"SystemSettings_Display_Scaling_Override/HighKeywords","bigger;larger;scaling;site sites;smaller;DPI"
"SystemSettings_Input_Mouse_SetButtonConfiguration/Description","Change the primary button on your mouse"
"SystemSettings_Input_Mouse_SetButtonConfiguration/HighKeywords","button buttons;button buttons;left;left;Primary;right"
"SystemSettings_Input_Mouse_SetScrollPage/Description","Change how far you scroll with the mouse wheel"
"SystemSettings_Input_Mouse_SetScrollPage/HighKeywords","Scroll scrolls;Wheel wheels"
"SystemSettings_Input_Touch_CursorSpeed/Description","Change the speed the cursor moves when you use the touchpad"
"SystemSettings_Input_Touch_CursorSpeed/HighKeywords","cursor;speed;mouse"
"SystemSettings_Input_Touch_EnableEdgeGesture/Description","Choose to allow swiping in from touchpad edges"
"SystemSettings_Input_Touch_EnableEdgeGesture/HighKeywords","edge edges;gesture gestures;Swipe swipes;touchpad;trackpad"
"SystemSettings_Input_Touch_EnableTouchPad/Description","Turn the touchpad on or off"
"SystemSettings_Input_Touch_EnableTouchPad/HighKeywords","touchpad;trackpad"
"SystemSettings_Input_Touch_EnableVisualFeedback/Description","Show visual feedback when you touch the screen"
"SystemSettings_Input_Touch_EnableVisualFeedback/HighKeywords","feedback;screen screens;touching;visual visuals"
"SystemSettings_Input_Touch_EnableVisualFeedbackPM/Description","Choose whether to use larger touch feedback"
"SystemSettings_Input_Touch_EnableVisualFeedbackPM/HighKeywords","feedback;touch dark darker;visual visuals"
"SystemSettings_Input_Touch_FourFingerTapEnabled/Description","Change what happens when you use four finger taps on the touchpad"
"SystemSettings_Input_Touch_FourFingerTapEnabled/HighKeywords","cortana;search;action center;notification;four;"
"SystemSettings_Input_Touch_LeaveOnWithMouse/Description","Turn off touchpad when a mouse is connected"
"SystemSettings_Input_Touch_LeaveOnWithMouse/HighKeywords","mouse;off"
"SystemSettings_Input_Touch_PanEnabled/Description","Turn off scrolling when you drag with two fingers on the touchpad"
"SystemSettings_Input_Touch_PanEnabled/HighKeywords","scrolling;scroll;pan;"
"SystemSettings_Input_Touch_RightClickZoneEnabled/Description","Turn off touchpad right-clicking"
"SystemSettings_Input_Touch_RightClickZoneEnabled/HighKeywords","rightclick;right click;click"
"SystemSettings_Input_Touch_SetActivationTimeout/Description","Choose whether to have a touchpad delay"
"SystemSettings_Input_Touch_SetActivationTimeout/HighKeywords","cursor cursors;tap taps;touch pad;touchpad"
"SystemSettings_Input_Touch_SetScrollDirection/Description","Reverse the touchpad’s scrolling direction"
"SystemSettings_Input_Touch_SetScrollDirection/HighKeywords","panning;scrolling"
"SystemSettings_Input_Touch_TapAndDrag/Description","Turn off double-tap and drag on the touchpad"
"SystemSettings_Input_Touch_TapAndDrag/HighKeywords","drag;double;tap"
"SystemSettings_Input_Touch_TapsEnabled/Description","Turn off tap to click when using the touchpad"
"SystemSettings_Input_Touch_TapsEnabled/HighKeywords","click;tap taps"
"SystemSettings_Input_Touch_ThreeFingerSlideEnabled/Description","Change what happens when you drag three fingers on the touchpad"
"SystemSettings_Input_Touch_ThreeFingerSlideEnabled/HighKeywords","taskview;alt;alttab;switch;three"
"SystemSettings_Input_Touch_ThreeFingerTapEnabled/Description","Change what happens when you use three finger taps on the touchpad"
"SystemSettings_Input_Touch_ThreeFingerTapEnabled/HighKeywords","cortana;search;action center;notification;three;"
"SystemSettings_Input_Touch_TwoFingerTapEnabled/Description","Turn off right clicks when you tap with two fingers on the touchpad"
"SystemSettings_Input_Touch_TwoFingerTapEnabled/HighKeywords","tap"
"SystemSettings_Input_Touch_ZoomEnabled/Description","Turn off zooming when you pinch with two fingers on the touchpad"
"SystemSettings_Input_Touch_ZoomEnabled/HighKeywords","pinch;zoom;zoom in;"
"SystemSettings_Keyboard_IsAutoCorrectionEnabled/Description","Autocorrect misspelled words"
"SystemSettings_Keyboard_IsAutoCorrectionEnabled/HighKeywords","autocorrect autocorrects;auto-correct auto-corrects;autocorrection autocorrections;auto-correction auto-corrections;correct corrects;correction corrections;spell spells;spelling spellings;typo typos"
"SystemSettings_Keyboard_IsAutoShiftEngageEnabled/Description","Capitalize the first letter of a sentence with the touch keyboard"
"SystemSettings_Keyboard_IsAutoShiftEngageEnabled/HighKeywords","autoshift;auto-shift;capital capitals;capitalize;caps;case;sentence sentences;shift;upper;uppercase"
"SystemSettings_Keyboard_IsCompatibilityKeyboardEnabled/Description","Use the standard keyboard layout as a touch keyboard option"
"SystemSettings_Keyboard_IsCompatibilityKeyboardEnabled/HighKeywords","keyboard keyboards;physical;standard"
"SystemSettings_Keyboard_IsDoubleTapSpaceEnabled/Description","Add a period when you double-tap the Spacebar"
"SystemSettings_Keyboard_IsDoubleTapSpaceEnabled/HighKeywords","double;double-tap;full;period periods;space spaces;spacebar;space-bar;stop"
"SystemSettings_Keyboard_IsKeyAudioFeedbackEnabled/Description","Play key sounds as I type"
"SystemSettings_Keyboard_IsKeyAudioFeedbackEnabled/HighKeywords","keyboard keyboards;sound sounds"
"SystemSettings_Keyboard_IsPredictionSpaceInsertionEnabled/Description","Add a space when you choose a text suggestion"
"SystemSettings_Keyboard_IsPredictionSpaceInsertionEnabled/HighKeywords","insert inserts;insertion insertions;space spaces;suggest suggests;suggestion suggestions"
"SystemSettings_Keyboard_IsShiftLockEnabled/Description","Use uppercase letters when you double-tap Shift"
"SystemSettings_Keyboard_IsShiftLockEnabled/HighKeywords","capitalize;caps;capslock;caps-lock;double-tap;lock locks;shift;uppercase"
"SystemSettings_Keyboard_IsSpellcheckingEnabled/Description","Highlight misspelled words"
"SystemSettings_Keyboard_IsSpellcheckingEnabled/HighKeywords","highlight highlights;spell spells;spelling spellings;squiggled"
"SystemSettings_Keyboard_IsTextPredictionEnabled/Description","Show text suggestions as I type"
"SystemSettings_Keyboard_IsTextPredictionEnabled/HighKeywords","predict predicts;prediction predictions;suggest suggests;suggestion suggestions"
"SystemSettings_Language_Add_Profile/Description","Add a language to this device"
"SystemSettings_Language_Add_Profile/HighKeywords","language languages"
"SystemSettings_Language_Installed_Profiles_Collection/Description","Edit language and keyboard options"
"SystemSettings_Language_Installed_Profiles_Collection/HighKeywords","Dictionary;display displays;IME;keyboard keyboards;language languages;Pack packs"
"SystemSettings_Language_Personal_Data_Control/Description","Choose whether to show text suggestions"
"SystemSettings_Language_Personal_Data_Control/HighKeywords",""
"SystemSettings_Language_Web_Content_Control/Description","Choose if websites can use your language list"
"SystemSettings_Language_Web_Content_Control/HighKeywords",""
"SystemSettings_Maps_DeleteAll/Description","Delete downloaded maps"
"SystemSettings_Maps_DeleteAll/HighKeywords","delete maps;delete map"
"SystemSettings_Maps_Download_Add_Package/Description","Download maps for offline use"
"SystemSettings_Maps_Download_Add_Package/HighKeywords","offline;map;maps;download"
"SystemSettings_Misc_ResetYourPC/Description","Reset this PC"
"SystemSettings_Misc_ResetYourPC/HighKeywords","recover recovers;recovery;refresh refreshes;reinstall;re-install;reset;restore restores"
"SystemSettings_Misc_RollbackYourPC_PreviewBuild/Description","Go back to an earlier build"
"SystemSettings_Misc_RollbackYourPC_PreviewBuild/HighKeywords","recover recovers;recovery;refresh refreshes;reinstall;re-install;reset;restore restores"
"SystemSettings_Misc_RollbackYourPC_PreviewBuildDisabled/Description","Go back to an earlier build"
"SystemSettings_Misc_RollbackYourPC_PreviewBuildDisabled/HighKeywords","recover recovers;recovery;refresh refreshes;reinstall;re-install;reset;restore restores"
"SystemSettings_Misc_RollbackYourPC_Windows7/Description","Go back to Windows 7"
"SystemSettings_Misc_RollbackYourPC_Windows7/HighKeywords","recover recovers;recovery;refresh refreshes;reinstall;re-install;reset;restore restores"
"SystemSettings_Misc_RollbackYourPC_Windows7Disabled/Description","Go back to Windows 7"
"SystemSettings_Misc_RollbackYourPC_Windows7Disabled/HighKeywords","recover recovers;recovery;refresh refreshes;reinstall;re-install;reset;restore restores"
"SystemSettings_Misc_RollbackYourPC_Windows8/Description","Go back to Windows 8"
"SystemSettings_Misc_RollbackYourPC_Windows8/HighKeywords","recover recovers;recovery;refresh refreshes;reinstall;re-install;reset;restore restores"
"SystemSettings_Misc_RollbackYourPC_Windows8Disabled/Description","Go back to Windows 8"
"SystemSettings_Misc_RollbackYourPC_Windows8Disabled/HighKeywords","recover recovers;recovery;refresh refreshes;reinstall;re-install;reset;restore restores"
"SystemSettings_Misc_RollbackYourPC_Windows8_1/Description","Go back to Windows 8.1"
"SystemSettings_Misc_RollbackYourPC_Windows8_1/HighKeywords","recover recovers;recovery;refresh refreshes;reinstall;re-install;reset;restore restores"
"SystemSettings_Misc_RollbackYourPC_Windows8_1Disabled/Description","Go back to Windows 8.1"
"SystemSettings_Misc_RollbackYourPC_Windows8_1Disabled/HighKeywords","recover recovers;recovery;refresh refreshes;reinstall;re-install;reset;restore restores"
"SystemSettings_Misc_StartFreshHyperLinkButton/Description","Start fresh with a clean install of Windows"
"SystemSettings_Misc_StartFreshHyperLinkButton/HighKeywords","start;fresh;clean"
"SystemSettings_MultiTasking_AeroSnapEnabled/Description","Arrange windows automatically by dragging them to the sides or corners of the screen"
"SystemSettings_MultiTasking_AeroSnapEnabled/HighKeywords","snap;aero;window;arrange;layout;aero snap;multi;multitasking;tasking"
"SystemSettings_MultiTasking_JointResizeEnabled/Description","When I resize a snapped window, simultaneously resize any adjacent snapped window"
"SystemSettings_MultiTasking_JointResizeEnabled/HighKeywords","resize;divider;snapresize;joint;snap"
"SystemSettings_MultiTasking_SnapAssistEnabled/Description","When I snap a window, show what I can snap next to it"
"SystemSettings_MultiTasking_SnapAssistEnabled/HighKeywords","suggest windows;assist;snap assist;choose window;multi;multitasking"
"SystemSettings_MultiTasking_SnapFillEnabled/Description","When I snap a window, automatically size it to fill available space"
"SystemSettings_MultiTasking_SnapFillEnabled/HighKeywords","fill;window fill;resize windows;adjust windows;snap fill;auto layout;multi;multitasking"
"SystemSettings_MusUpdate_AdvancedSettingsLink/Description","Advanced Windows Update options"
"SystemSettings_MusUpdate_AdvancedSettingsLink/HighKeywords","Automatic;Autoupdate autoupdates;fix fixes;patch patches;Security;Update updates;Updater;Up-dates;Updating;Windowsupdate;Wupdater;upgrade;technical;preview previews;build;insider insiders;flight flights;flighting"
"SystemSettings_MusUpdate_UpdateActionButton/Description","Check for updates"
"SystemSettings_MusUpdate_UpdateActionButton/HighKeywords","Automatic;Autoupdate;Check Windows updates;Fixes;Patches;Security;Update;Updater;Up-dates;Updating;Windowsupdate;Wupdater;Driver Drivers"
"SystemSettings_Network_Status_Troubleshooter/Description","Troubleshoot network"
"SystemSettings_Network_Status_Troubleshooter/HighKeywords","troubleshoot network;fix network connection"
"SystemSettings_Notifications_CustomizableQuickActions/Description","Choose your quick actions"
"SystemSettings_Notifications_CustomizableQuickActions/HighKeywords","quick;action actions;pin pins"
"SystemSettings_Notifications_SelectIconsToAppearOnTaskbar/Description","Select which icons appear on the taskbar"
"SystemSettings_Notifications_SelectIconsToAppearOnTaskbar/HighKeywords","taskbar;icon icons"
"SystemSettings_Notifications_ShowAppNotifications/Description","Turn app notifications on or off"
"SystemSettings_Notifications_ShowAppNotifications/HighKeywords","Announcement announcements;app apps;display displays;monitor monitors;Notification notifications;screen screens;Show shows"
"SystemSettings_Notifications_SoftLandingEnabled/Description","Get tips, tricks, and suggestions as you use Windows"
"SystemSettings_Notifications_SoftLandingEnabled/HighKeywords","tip tips;help"
"SystemSettings_Notifications_SystemIcons/Description","Turn system icons on or off"
"SystemSettings_Notifications_SystemIcons/HighKeywords","icon icons;tray"
"SystemSettings_PCSystem_GetPCName/Description","View your PC name"
"SystemSettings_PCSystem_GetPCName/HighKeywords","Name names;PC PCs"
"SystemSettings_PCSystem_InstalledRamStatus/Description","View RAM info"
"SystemSettings_PCSystem_InstalledRamStatus/HighKeywords","RAM;Memory"
"SystemSettings_PCSystem_JoinCloudDomain/Description","Connect your device to your work or school cloud domain"
"SystemSettings_PCSystem_JoinCloudDomain/HighKeywords","join;domain domains;connect connection;AAD;Active;Directory;Azure"
"SystemSettings_PCSystem_JoinDomain/Description","Connect your device to your work or school domain"
"SystemSettings_PCSystem_JoinDomain/HighKeywords","join;domain domains;connect connection;Active;Directory"
"SystemSettings_PCSystem_LeaveOrganization/Description","Disconnect your device from your work or school"
"SystemSettings_PCSystem_LeaveOrganization/HighKeywords","unjoin; leave; domain domains; connect connection;Active;Directory;AAD;Azure"
"SystemSettings_PCSystem_PenAndTouchStatus/Description","View pen and touch info"
"SystemSettings_PCSystem_PenAndTouchStatus/HighKeywords",""
"SystemSettings_PCSystem_ProcessorStatus/Description","View processor info"
"SystemSettings_PCSystem_ProcessorStatus/HighKeywords","CPU CPUs"
"SystemSettings_PCSystem_ProductIdStatus/Description","View your product ID"
"SystemSettings_PCSystem_ProductIdStatus/HighKeywords",""
"SystemSettings_PCSystem_RenamePC/Description","Rename your PC"
"SystemSettings_PCSystem_RenamePC/HighKeywords","rename;PC;computer;device"
"SystemSettings_PCSystem_SystemTypeStatus/Description","See if you have a 32-bit or 64-bit version of Windows"
"SystemSettings_PCSystem_SystemTypeStatus/HighKeywords","ARM;Intel;System systems"
"SystemSettings_Personalize_AccountPicture/Description","Change your account picture"
"SystemSettings_Personalize_AccountPicture/HighKeywords",""
"SystemSettings_Personalize_AccountPictureCamera/Description","Use the camera to create an account picture"
"SystemSettings_Personalize_AccountPictureCamera/HighKeywords",""
"SystemSettings_Personalize_AccountPicturePicker/Description","Browse for an account picture"
"SystemSettings_Personalize_AccountPicturePicker/HighKeywords",""
"SystemSettings_Personalize_Background_ChooseBackground/Description","Choose background, slideshow, or solid color as your background mode"
"SystemSettings_Personalize_Background_ChooseBackground/HighKeywords","background;slideshow;slide show;solid color;wallpaper;photo;image;album"
"SystemSettings_Personalize_Background_ChooseFit/Description","Choose a picture fit"
"SystemSettings_Personalize_Background_ChooseFit/HighKeywords","fit;fill"
"SystemSettings_Personalize_Color_ColorPrevalence/Description","Apply color to Start, taskbar, and Action Center"
"SystemSettings_Personalize_Color_ColorPrevalence/HighKeywords",""
"SystemSettings_Personalize_Color_ColorPrevalenceTitleBar/Description","Apply color to title bar"
"SystemSettings_Personalize_Color_ColorPrevalenceTitleBar/HighKeywords",""
"SystemSettings_Personalize_Color_EnableTransparency/Description","Make Start, taskbar, and Action Center transparent"
"SystemSettings_Personalize_Color_EnableTransparency/HighKeywords","transparency;transparent;opacity;opaque;appearance settings;appearances"
"SystemSettings_Personalize_LockScreenAppsBadge/Description","Choose apps to show quick status"
"SystemSettings_Personalize_LockScreenAppsBadge/HighKeywords","badges;badge;statuses"
"SystemSettings_Personalize_LockScreenAppsTile/Description","Choose an app to display detailed status"
"SystemSettings_Personalize_LockScreenAppsTile/HighKeywords","detail;details;statuses"
"SystemSettings_Personalize_LockScreenBackground/Description","Change the picture on your lock screen"
"SystemSettings_Personalize_LockScreenBackground/HighKeywords","background backgrounds;personalization;personalize;Wallpaper;wallpaper wallpapers"
"SystemSettings_Personalize_LockScreenChooseBackgroundType/Description","Choose Windows Spotlight, picture, or slideshow as your lock screen background mode"
"SystemSettings_Personalize_LockScreenChooseBackgroundType/HighKeywords","background;image;photo;picture;spotlight;slideshow;slide show"
"SystemSettings_Personalize_LockScreenSlideshowSource_CloudBrandName/Description","Add a folder to the lock screen slideshow"
"SystemSettings_Personalize_LockScreenSlideshowSource_CloudBrandName/HighKeywords","folder folders;library libraries;lockscreen;personalize;picture pictures;SkyDrive OneDrive;slideshow slideshows"
"SystemSettings_Personalize_UserTileAppList/Description","Use an app to create an account picture"
"SystemSettings_Personalize_UserTileAppList/HighKeywords",""
"SystemSettings_PowerAndSleep_DisplayOffTimeoutAC/Description","Choose when to turn off the screen when plugged in"
"SystemSettings_PowerAndSleep_DisplayOffTimeoutAC/HighKeywords","display displays;monitor monitors;screen screens"
"SystemSettings_PowerAndSleep_DisplayOffTimeoutAC_AoAc/Description","Choose when to turn off the screen when plugged in"
"SystemSettings_PowerAndSleep_DisplayOffTimeoutAC_AoAc/HighKeywords","display displays;monitor monitors;screen screens"
"SystemSettings_PowerAndSleep_DisplayOffTimeoutDC/Description","Choose when to turn off the screen on battery power"
"SystemSettings_PowerAndSleep_DisplayOffTimeoutDC/HighKeywords","battery batteries;display displays;monitor monitors;screen screens"
"SystemSettings_PowerAndSleep_DisplayOffTimeoutDC_AoAc/Description","Choose when to turn off the screen on battery power"
"SystemSettings_PowerAndSleep_DisplayOffTimeoutDC_AoAc/HighKeywords","battery batteries;display displays;monitor monitors;screen screens"
"SystemSettings_PowerAndSleep_SleepTimeoutAC/Description","Change when the PC sleeps when plugged in"
"SystemSettings_PowerAndSleep_SleepTimeoutAC/HighKeywords","screen screens;sleep sleeps"
"SystemSettings_PowerAndSleep_SleepTimeoutDC/Description","Change when the PC sleeps on battery power"
"SystemSettings_PowerAndSleep_SleepTimeoutDC/HighKeywords","screen screens;sleep sleeps"
"SystemSettings_Privacy_AdvertisingIdEnabled/Description","Choose if apps can use your advertising ID"
"SystemSettings_Privacy_AdvertisingIdEnabled/HighKeywords","Ad Ads;Advertising;Marketing;identifier"
"SystemSettings_Privacy_BackgroundApps_SubText/Description","Choose which apps can run in the background"
"SystemSettings_Privacy_BackgroundApps_SubText/HighKeywords","background; app; apps; task; tasks;"
"SystemSettings_Privacy_EnableCollectionOfUrlsAppsUse/Description","Turn SmartScreen Filter on or off for apps"
"SystemSettings_Privacy_EnableCollectionOfUrlsAppsUse/HighKeywords","Smartscreen"
"SystemSettings_Privacy_OpenPrivacyStatementLink/Description","Read the privacy statement"
"SystemSettings_Privacy_OpenPrivacyStatementLink/HighKeywords","Policy policies"
"SystemSettings_Proxy_AutomaticConfigScript/Description","Use automatic proxy configuration"
"SystemSettings_Proxy_AutomaticConfigScript/HighKeywords",""
"SystemSettings_Proxy_AutomaticDetection/Description","Turn automatic proxy detection on or off"
"SystemSettings_Proxy_AutomaticDetection/HighKeywords","Automatically;detect detects;setting settings"
"SystemSettings_Proxy_ManualProxyAddress/Description","Change manual proxy server settings"
"SystemSettings_Proxy_ManualProxyAddress/HighKeywords","bypass;manual;proxy proxies;server servers;setting settings"
"SystemSettings_Radio_DeviceList/Description","Turn wireless devices on or off"
"SystemSettings_Radio_DeviceList/HighKeywords","gnss;gps;nfc;radio;Wifi;wireless"
"SystemSettings_Radio_IsAirplaneModeEnabled/Description","Turn airplane mode on or off"
"SystemSettings_Radio_IsAirplaneModeEnabled/HighKeywords","airplane;wireless"
"SystemSettings_ShellMode_ModeChangeConfig/Description","Choose what happens when the device switches tablet mode on or off"
"SystemSettings_ShellMode_ModeChangeConfig/HighKeywords",""
"SystemSettings_ShellMode_Preference/Description","Choose whether to enter tablet mode when you sign in"
"SystemSettings_ShellMode_Preference/HighKeywords",""
"SystemSettings_ShellMode_TaskbarAppsVisibility/Description","Hide app icons on the taskbar in tablet mode"
"SystemSettings_ShellMode_TaskbarAppsVisibility/HighKeywords",""
"SystemSettings_ShellMode_TaskbarTabletModeAutohide/Description","Automatically hide the taskbar in tablet mode"
"SystemSettings_ShellMode_TaskbarTabletModeAutohide/HighKeywords","taskbar;tablet;autohide;hide;"
"SystemSettings_Startup_AdvancedStartup/Description","Change advanced startup options"
"SystemSettings_Startup_AdvancedStartup/HighKeywords","bios;boot boots;start starts;startup"
"SystemSettings_Start_LinkToPlacesPage/Description","Choose which folders appear on Start"
"SystemSettings_Start_LinkToPlacesPage/HighKeywords","start;screen;menu;places;folder"
"SystemSettings_Start_MoreTilesEnabled/Description","Show more tiles on Start"
"SystemSettings_Start_MoreTilesEnabled/HighKeywords","start;screen;menu;tile;tiles;group;width;size;column;columns;change"
"SystemSettings_Start_ShowRecentlyAddedAppsGroup/Description","Show recently added apps in Start"
"SystemSettings_Start_ShowRecentlyAddedAppsGroup/HighKeywords","start;screen;menu;apps;recent;install;installed"
"SystemSettings_Start_ShowSuggestedAppsGroup/Description","Occasionally show suggestions in Start"
"SystemSettings_Start_ShowSuggestedAppsGroup/HighKeywords","start;screen;menu"
"SystemSettings_Start_Size/Description","Use Start full screen"
"SystemSettings_Start_Size/HighKeywords","start;screen;menu;fullscreen;full screen"
"SystemSettings_Start_StoreMFUApps/Description","Show most used apps in Start"
"SystemSettings_Start_StoreMFUApps/HighKeywords","start;screen;menu;apps;recent"
"SystemSettings_Start_StoreRecentlyOpenedItems/Description","Show recently opened items in Jump Lists on Start or the taskbar"
"SystemSettings_Start_StoreRecentlyOpenedItems/HighKeywords","start;screen;menu;recent"
"SystemSettings_StorageSense_AppSizesOptionalComponentsLink-2/Description","Add an optional feature"
"SystemSettings_StorageSense_AppSizesOptionalComponentsLink-2/HighKeywords","optional;feature features"
"SystemSettings_StorageSense_AppSizesOptionalComponentsLink-3/Description","See optional feature history"
"SystemSettings_StorageSense_AppSizesOptionalComponentsLink-3/HighKeywords","optional;feature features"
"SystemSettings_StorageSense_AppSizesOptionalComponentsLink/Description","Manage optional features"
"SystemSettings_StorageSense_AppSizesOptionalComponentsLink/HighKeywords","optional;feature features"
"SystemSettings_SyncSettings_SyncAccessibility_Toggle/Description","Sync your Ease of Access settings"
"SystemSettings_SyncSettings_SyncAccessibility_Toggle/HighKeywords","Magnifier magnifiers;Narrator"
"SystemSettings_SyncSettings_SyncBrowserSettings_Toggle/Description","Sync your browser settings on this PC"
"SystemSettings_SyncSettings_SyncBrowserSettings_Toggle/HighKeywords","auto;browser browsers;complete completes;favorite favorites;history;tabs"
"SystemSettings_SyncSettings_SyncCredentials_Toggle/Description","Sync your passwords on this PC"
"SystemSettings_SyncSettings_SyncCredentials_Toggle/HighKeywords","HomeGroup HomeGroups;password passwords"
"SystemSettings_SyncSettings_SyncLanguage_Toggle/Description","Sync your language and keyboard settings"
"SystemSettings_SyncSettings_SyncLanguage_Toggle/HighKeywords","keyboard keyboards;language languages"
"SystemSettings_SyncSettings_SyncMaster_Toggle/Description","Choose if settings are synced on this PC"
"SystemSettings_SyncSettings_SyncMaster_Toggle/HighKeywords","roam roams;same;setting settings;setting settings;sync syncs;sync syncs"
"SystemSettings_SyncSettings_SyncPersonalization_Toggle/Description","Sync your personalization settings"
"SystemSettings_SyncSettings_SyncPersonalization_Toggle/HighKeywords","color colors;high contrast;lock locks;screen screens"
"SystemSettings_SyncSettings_Windows_Toggle/Description","Sync File Explorer and other settings"
"SystemSettings_SyncSettings_Windows_Toggle/HighKeywords",""
"SystemSettings_Taskbar_Autohide/Description","Automatically hide the taskbar"
"SystemSettings_Taskbar_Autohide/HighKeywords","taskbar;autohide;hide;"
"SystemSettings_Taskbar_Badging/Description","Show badges on the taskbar"
"SystemSettings_Taskbar_Badging/HighKeywords","taskbar; badging; badges;"
"SystemSettings_Taskbar_GlommingPrimary/Description","Options to group similar windows on taskbar on primary display"
"SystemSettings_Taskbar_GlommingPrimary/HighKeywords","taskbar; combine; button; buttons; group"
"SystemSettings_Taskbar_GlommingSecondary/Description","Options to group similar windows on taskbar on secondary displays"
"SystemSettings_Taskbar_GlommingSecondary/HighKeywords","taskbar; combine; button; buttons; group"
"SystemSettings_Taskbar_Help/Description","How do I customize taskbars"
"SystemSettings_Taskbar_Help/HighKeywords",""
"SystemSettings_Taskbar_Location/Description","Taskbar location on screen"
"SystemSettings_Taskbar_Location/HighKeywords",""
"SystemSettings_Taskbar_Lock/Description","Lock the taskbar"
"SystemSettings_Taskbar_Lock/HighKeywords",""
"SystemSettings_Taskbar_MultiMon/Description","Show taskbar on all displays"
"SystemSettings_Taskbar_MultiMon/HighKeywords",""
"SystemSettings_Taskbar_MultiMonTaskbarMode/Description","Customize how to group similar windows"
"SystemSettings_Taskbar_MultiMonTaskbarMode/HighKeywords","taskbar; combine; button; buttons; group"
"SystemSettings_Taskbar_PeekPreviewDesktop/Description","Preview desktop when you move your mouse to the Show desktop button at the end of taskbar"
"SystemSettings_Taskbar_PeekPreviewDesktop/HighKeywords","taskbar; peek; preview; desktop"
"SystemSettings_Taskbar_ReplaceCommandPromptWithPowerShellWinX/Description","Replace Command Prompt with Windows PowerShell when using Windows + X menu"
"SystemSettings_Taskbar_ReplaceCommandPromptWithPowerShellWinX/HighKeywords","taskbar"
"SystemSettings_Taskbar_SelectIconsToAppearOnTaskbar/Description","Select which icons appear on the taskbar"
"SystemSettings_Taskbar_SelectIconsToAppearOnTaskbar/HighKeywords","taskbar;icon;icons"
"SystemSettings_Taskbar_SmallButtons/Description","Use small taskbar buttons"
"SystemSettings_Taskbar_SmallButtons/HighKeywords",""
"SystemSettings_Taskbar_SystemIcons/Description","Turn system icons on or off"
"SystemSettings_Taskbar_SystemIcons/HighKeywords","icon;icons;tray"
"SystemSettings_Users_AssignedAccess/Description","Choose an account for assigned access"
"SystemSettings_Users_AssignedAccess/HighKeywords",""
"SystemSettings_Users_ChangePassword/Description","Change your password"
"SystemSettings_Users_ChangePassword/HighKeywords","add;change;password"
"SystemSettings_Users_DelayLock/Description","Change the sign-in requirements"
"SystemSettings_Users_DelayLock/HighKeywords","require;sign-in sign;in;option options;policy policies;"
"SystemSettings_Users_EnrollmentFace/Description","Set up face sign-in"
"SystemSettings_Users_EnrollmentFace/HighKeywords","windows hello;add;enroll;setup;remove;delete;reset;improve;additional;bio biometric biometrics;face faces;recognition;improvement;"
"SystemSettings_Users_EnrollmentFingerprint/Description","Set up fingerprint sign-in"
"SystemSettings_Users_EnrollmentFingerprint/HighKeywords","windows hello;enroll;setup;remove;delete;reset;improve;additional;bio biometric biometrics;fingerprint fingerprints;"
"SystemSettings_Users_EnrollmentIris/Description","Set up iris sign-in"
"SystemSettings_Users_EnrollmentIris/HighKeywords","windows hello;add;enroll;setup;remove;delete;reset;improve;additional;bio biometric biometrics;iris;recognition;improvement;"
"SystemSettings_Users_PicturePassword/Description","Set up a picture password"
"SystemSettings_Users_PicturePassword/HighKeywords","photo photos;picture pictures;password"
"SystemSettings_Users_PINPassword/Description","Set up PIN sign-in"
"SystemSettings_Users_PINPassword/HighKeywords","work;passport;corporate;organization;store;add;change;remove;delete;reset;forgot;PIN PINs;"
"SystemSettings_VirtualDesktops_AltTabFilter/Description","Choose what windows show when pressing Alt+Tab when using virtual desktops"
"SystemSettings_VirtualDesktops_AltTabFilter/HighKeywords","alt;tab;alttab;virtual desktop;filter;additional;add;new;multiple;multitasking"
"SystemSettings_VirtualDesktops_TaskbarFilter/Description","Choose what windows show on the taskbar when using virtual desktops"
"SystemSettings_VirtualDesktops_TaskbarFilter/HighKeywords","taskbar;virtual desktop;filter;additional;add;new;multiple;multitasking"
"SystemSettings_WorkAccess_ProvisionPackage/Description","Add or remove a provisioning package"
"SystemSettings_WorkAccess_ProvisionPackage/HighKeywords","provision;provisioning;package;packages;add package;remove package"
"SystemSettings_Workplace_CorpDeviceManagement/Description","Allow your organization to manage your PC"
"SystemSettings_Workplace_CorpDeviceManagement/HighKeywords","company companies;Organization organizations;Workplace"
"SystemSettings_Workplace_RelatedSettings/Description","Add or remove a provisioning package"
"SystemSettings_Workplace_RelatedSettings/HighKeywords","provision;provisioning;package;packages;add package;remove package"
